{
  "log_reg": {
    "cv_f1_mean": 0.7498125804897692,
    "cv_f1_std": 0.004513501912307996,
    "acc": 0.8263,
    "f1_macro": 0.7595107341106345
  },
  "random_forest": {
    "cv_f1_mean": 0.7900411358980918,
    "cv_f1_std": 0.002807857655981935,
    "acc": 0.8374,
    "f1_macro": 0.7983010442728448
  },
  "mlp": {
    "cv_f1_mean": 0.7653861860305836,
    "cv_f1_std": 0.001605825597992684,
    "acc": 0.8155,
    "f1_macro": 0.769927341948265
  },
  "xgb_smote": {
    "cv_f1_mean": 0.7898690733943753,
    "cv_f1_std": 0.0023324389464175594,
    "acc": 0.8296,
    "f1_macro": 0.7959181057974744
  },
  "selected": "xgb_smote"
}