{
  "log_reg": {
    "cv_f1_mean": 0.7499587745732145,
    "cv_f1_std": 0.004812626945184792,
    "acc": 0.8262,
    "f1_macro": 0.7592330635732999
  },
  "random_forest": {
    "cv_f1_mean": 0.789757727821426,
    "cv_f1_std": 0.0033951248723297486,
    "acc": 0.8376,
    "f1_macro": 0.7983701966936328
  },
  "mlp": {
    "cv_f1_mean": 0.7615775092727576,
    "cv_f1_std": 0.005506952378015037,
    "acc": 0.8205,
    "f1_macro": 0.7787299753399742
  },
  "xgb_smote": {
    "cv_f1_mean": 0.788891121947246,
    "cv_f1_std": 0.002990876348184559,
    "acc": 0.8284,
    "f1_macro": 0.7942733284895486
  },
  "selected": "xgb_smote"
}