{
  "log_reg": {
    "cv_f1_mean": 0.7501996387613611,
    "cv_f1_std": 0.005021739199005132,
    "acc": 0.8266,
    "f1_macro": 0.7596886773171562
  },
  "random_forest": {
    "cv_f1_mean": 0.7895741050527016,
    "cv_f1_std": 0.004290192479670844,
    "acc": 0.8376,
    "f1_macro": 0.7976201273561497
  },
  "mlp": {
    "cv_f1_mean": 0.7615775092727576,
    "cv_f1_std": 0.005506952378015005,
    "acc": 0.8205,
    "f1_macro": 0.7787299753399742
  },
  "xgb_smote": {
    "cv_f1_mean": 0.7897785147012125,
    "cv_f1_std": 0.002110933793681128,
    "acc": 0.8308,
    "f1_macro": 0.797895430744077
  },
  "selected": "xgb_smote"
}